Year,Month,Day,Day of Week,Airline,Flight Number,Tail Number,Origin Airport,Destination Airport,Scheduled Departure,Price
2025,1,1,4,WN,1590,N408WN,MCO,PVD,1705,1940,65
2025,1,2,5,UA,241,N813UA,FLL,EWR,1525,1829,84
2025,1,2,5,EV,5958,N13914,DFW,IAH,1105,1210,79
2025,1,2,5,US,1941,N703UW,CLT,ORF,0914,1016,151
2025,1,3,6,OO,3465,N224AG,ONT,PDX,1945,2212,149
2025,1,3,6,DL,1866,N810DN,SFO,ATL,0615,1345,60
2025,1,4,7,NK,657,N515NK,MSY,IAH,1018,1131,80
2025,1,4,7,WN,1246,N783SW,DEN,ATL,1935,0020,111
2025,1,4,7,EV,5911,N16571,ORD,PIA,1310,1405,96
2025,1,4,7,UA,625,N425UA,ORD,SFO,1811,2105,114
2025,1,4,7,MQ,3553,N525MQ,LGA,XNA,1450,1718,146
2025,1,4,7,OO,5524,N929EV,DEN,CPR,1538,1642,159
2025,1,4,7,F9,588,N929FR,DEN,TYS,1410,1842,76
2025,1,5,1,MQ,2995,N527MQ,CMH,LGA,1710,1900,89
2025,1,5,1,UA,706,N435UA,SFO,IAD,1455,2252,87
2025,1,5,1,WN,339,N7751A,BUF,BWI,1635,1745,129
2025,1,5,1,UA,1287,N75432,SJU,IAH,1354,1655,103
2025,1,6,2,WN,863,N554WN,ABQ,LAS,0950,1025,148
2025,1,6,2,UA,366,N848UA,MDT,ORD,1637,1749,134
2025,1,6,2,AS,885,N583AS,SJC,OGG,0855,1225,72
2025,1,7,3,UA,1616,N78501,SAT,IAH,1707,1810,160
2025,1,7,3,WN,1880,N514SW,AUS,DAL,1135,1230,128
2025,1,7,3,MQ,3129,N935MQ,DFW,VPS,1620,1808,151
2025,1,8,4,MQ,3291,N6EAMQ,DFW,MAF,2130,2239,196
2025,1,9,5,UA,1028,N39726,SNA,ORD,1332,1939,174
2025,1,12,1,F9,1067,N223FR,ORD,DEN,1355,1535,188
2025,1,15,4,WN,2238,N405WN,STL,BOS,1950,2320,126
2025,1,15,4,DL,1908,N977AT,MSP,JFK,1120,1505,175
2025,1,15,4,EV,5742,N835AS,IAD,LGA,2153,2302,71
2025,1,15,4,WN,134,N925WN,MDW,IAD,2105,2350,199
2025,1,15,4,WN,941,N444WN,ONT,OAK,1100,1215,50
2025,1,16,5,HA,387,N491HA,KOA,HNL,1920,2003,53
2025,1,17,6,EV,4909,N724EV,RIC,BOS,1215,1349,68
2025,1,18,7,MQ,3003,N641MQ,ORD,MSN,1805,1853,138
2025,1,18,7,DL,1516,N6711M,DEN,ATL,0610,1115,113
2025,1,19,1,DL,2134,N139DL,MSP,PHX,1105,1332,121
2025,1,19,1,DL,2428,N956AT,TYS,ATL,1849,2000,103
2025,1,19,1,MQ,3016,N667MQ,PNS,DFW,0950,1200,80
2025,1,20,2,OO,6286,N702BR,SFO,RNO,1435,1535,127
2025,1,20,2,OO,4766,N614SK,SLC,LAS,1700,1726,54
2025,1,20,2,WN,827,N777QC,DEN,JAX,1355,1900,68
2025,1,21,3,EV,5104,N607LR,ATL,MOB,1056,1112,50
2025,1,21,3,US,1815,N723UW,CLT,PIT,1145,1310,142
2025,1,21,3,AA,1622,N485AA,IAH,DFW,2006,2115,150
2025,1,22,4,AS,676,N558AS,SEA,DEN,0735,1108,184
2025,1,22,4,US,2135,N955UW,BOS,LGA,0645,0807,69
2025,1,22,4,DL,1962,N361NW,PHL,DTW,1245,1434,161
2025,1,23,5,F9,262,N918FR,SNA,DEN,1015,1324,185
2025,1,23,5,OO,5265,N702SK,DFW,IAH,1226,1335,150
2025,1,24,6,WN,4314,N270WN,DAL,HOU,1100,1205,161
2025,1,25,7,AA,2384,N3HPAA,LAS,LAX,1555,1702,145
2025,1,26,1,OO,2589,N863AS,MRY,LAX,1750,1903,195
2025,1,27,2,EV,6050,N13968,ORD,DTW,1606,1829,120
2025,1,27,2,WN,2251,N478WN,LAS,RNO,0700,0820,146
2025,1,27,2,UA,1521,,LGA,DEN,0751,1025,56
2025,1,27,2,UA,369,,IAH,EWR,1742,2208,122
2025,1,28,3,OO,5444,N586SW,RDD,SFO,2009,2127,137
2025,1,28,3,EV,6064,N19554,ORD,ATW,1436,1535,197
2025,1,28,3,DL,1818,N670DN,MCO,ATL,0930,1104,114
2025,1,28,3,DL,1284,N332NB,MKE,DTW,1632,1854,168
2025,1,29,4,DL,992,N344NB,MSN,DTW,0645,0907,76
2025,1,29,4,B6,1434,N639JB,SJU,MCO,0605,0813,124
2025,1,30,5,UA,556,N548UA,LAX,DEN,0655,1021,153
2025,1,30,5,F9,676,N923FR,DEN,MCO,0700,1225,65
2025,1,31,6,EV,4955,N926EV,ATL,ILM,1340,1457,112
2025,1,31,6,DL,783,N974DL,MSP,ATL,0620,0956,110
2025,1,31,6,US,1912,N651AW,TPA,PHL,0610,0837,95
2025,2,1,7,AS,718,N506AS,SLC,SAN,0835,0940,60
2025,2,2,1,AA,2357,N3EVAA,DFW,SAN,0900,1009,192
2025,2,3,2,DL,2213,N920DL,ATL,MLB,1205,1335,89
2025,2,3,2,OO,6259,N975SW,TUS,DEN,1744,1946,132
2025,2,3,2,B6,1084,N279JB,RDU,BOS,1313,1459,190
2025,2,4,3,UA,415,N546UA,JFK,SFO,0605,0945,119
2025,2,4,3,DL,2448,N680DA,ATL,PBI,1500,1654,65
2025,2,4,3,DL,768,N553NW,PBI,ATL,1625,1820,103
2025,2,5,4,WN,1004,N280WN,DEN,SFO,1200,1350,198
2025,2,5,4,US,2034,N824AW,RDU,CLT,1940,2041,52
2025,2,6,5,HA,546,N487HA,HNL,OGG,1710,1747,119
2025,2,6,5,EV,4255,N22909,EWR,CHS,1030,1242,87
2025,2,6,5,EV,4473,N14558,MEM,ORD,1034,1225,72
2025,2,6,5,UA,72,N76519,SFO,AUS,1637,2205,80
2025,2,7,6,WN,4318,N474WN,AUS,DAL,0635,0735,87
2025,2,7,6,WN,2919,N378SW,IND,TPA,1320,1535,164
2025,2,8,7,US,500,N675AW,PHX,IND,1940,0057,136
2025,2,8,7,MQ,3029,N501MQ,SYR,ORD,1646,1805,130
2025,2,8,7,MQ,3531,N535MQ,RDU,LGA,0845,1019,96
2025,2,8,7,DL,1463,N907DE,CHS,ATL,1245,1404,124
2025,2,8,7,EV,4750,N13202,ORD,MEM,1255,1452,157
2025,2,8,7,MQ,3406,N699MQ,SPS,DFW,1810,1857,95
2025,2,9,1,DL,891,N3735D,MIA,ATL,0630,0830,73
2025,2,9,1,EV,4174,N12172,ORF,ORD,1233,1356,167
2025,2,9,1,WN,415,N739GB,MDW,BNA,1955,2120,167
2025,2,10,2,UA,586,N818UA,AUS,IAH,1058,1154,118
2025,2,10,2,US,2013,N103US,PIT,CLT,0645,0831,101
2025,2,11,3,US,1920,N570UW,CLT,BWI,2010,2133,174
2025,2,11,3,MQ,3203,N524MQ,CLE,ORD,2005,2040,120
2025,2,11,3,EV,4864,N15527,BTR,IAH,1706,1820,109
2025,2,12,4,DL,883,N547US,LAX,MCO,2215,0545,88
2025,2,12,4,EV,3272,N16541,CLE,ORD,0652,0725,169
2025,2,12,4,US,630,N521UW,PHX,JFK,1350,2030,79
2025,2,12,4,EV,5066,N882AS,DHN,ATL,1752,1949,125
2025,2,13,5,DL,1666,N811DZ,RDU,ATL,1718,1900,196
2025,2,13,5,EV,4245,N16525,LCH,IAH,1009,1100,119
2025,2,13,5,AA,2425,N858AA,LAX,DFW,1305,1808,146
2025,2,13,5,HA,383,N487HA,ITO,HNL,1119,1212,177
2025,2,14,6,DL,1667,N960AT,ATL,MYR,1730,1842,83
2025,2,14,6,NK,475,N609NK,LGA,DTW,0940,1133,185
2025,2,14,6,WN,3562,N606SW,ATL,DTW,2040,2245,64
2025,2,14,6,DL,2114,N3755D,COS,ATL,0630,1121,60
2025,2,15,7,B6,427,N216JB,BOS,BWI,0810,0948,144
2025,2,15,7,AS,760,N528AS,SAN,MCO,1015,1749,95
2025,2,16,1,DL,1846,N329NB,MCI,SLC,1739,1925,119
2025,2,16,1,DL,2128,N665DN,DTW,MCO,1015,1310,156
2025,2,16,1,DL,1928,N699DL,MCO,DTW,1005,1239,119
2025,2,16,1,UA,375,N448UA,SFO,IAH,1200,1748,74
2025,2,16,1,AA,2284,N3KCAA,ORD,DCA,2045,2328,111
2025,2,17,2,MQ,3129,N644MQ,VPS,DFW,1836,2055,111
2025,2,17,2,EV,3947,N16559,ORD,LAN,1310,1508,140
2025,2,17,2,US,484,N819AW,PHX,STL,1950,2343,170
2025,2,17,2,OO,5648,N978SW,SFO,SBA,2233,2342,71
2025,2,17,2,EV,5673,N18102,ORD,LNK,1210,1353,135
2025,2,17,2,OO,2721,N875AS,FLG,PHX,0800,0857,152
2025,2,17,2,DL,2372,N946DN,TPA,ATL,1545,1720,79
2025,2,17,2,US,1915,N762US,CLT,RDU,1805,1859,115
2025,2,18,3,DL,2417,N976DL,TLH,ATL,0545,0650,63
2025,2,18,3,DL,2669,N607AT,BOS,LGA,0800,0918,133
2025,2,18,3,DL,1375,N920DE,LGA,MCO,1135,1441,100
2025,2,18,3,EV,6073,N12163,DEN,BNA,0955,1327,65
2025,2,19,4,EV,5269,N751EV,ATL,RST,1339,1512,142
2025,2,19,4,MQ,3386,N668MQ,DFW,CLL,1320,1412,75
2025,2,19,4,AS,29,N442AS,ORD,SEA,1520,1755,113
2025,2,19,4,AA,1091,N3FMAA,MIA,TPA,1950,2054,79
2025,2,20,5,OO,5394,N945SW,OTH,SFO,1400,1529,183
2025,2,20,5,MQ,3194,N524MQ,OKC,ORD,0558,0800,194
2025,2,20,5,EV,5372,N981EV,GTR,ATL,1037,1245,164
2025,2,20,5,AA,1276,N576AA,DFW,RIC,1845,2222,134
2025,2,20,5,WN,2238,N7745A,LAX,STL,1340,1910,182
2025,2,20,5,HA,205,N481HA,OGG,HNL,0609,0641,98
2025,2,20,5,B6,302,N605JB,FLL,JFK,1959,2240,113
2025,2,21,6,NK,124,N627NK,RSW,ORD,2156,2354,79
2025,2,21,6,UA,1177,N28457,SFO,ORD,2249,0454,167
2025,2,21,6,DL,101,N833DN,LAX,ATL,1030,1736,58
2025,2,21,6,WN,2490,N460WN,PIT,MDW,1320,1355,113
2025,2,21,6,WN,3106,N443WN,PHX,PDX,1945,2135,139
2025,2,22,7,WN,4669,N398SW,MCI,HOU,2035,2240,174
2025,2,22,7,EV,4955,N200PQ,ATL,ILM,1147,1305,99
2025,2,23,1,DL,1605,N922AT,ATL,HSV,1340,1336,67
2025,2,24,2,AS,676,N527AS,SEA,DEN,0735,1106,111
2025,2,25,3,OO,6378,N982SW,LEX,ORD,1849,1923,89
2025,2,25,3,MQ,3694,N942MQ,ORD,FWA,1200,1355,83
2025,2,25,3,HA,380,N492HA,HNL,ITO,1722,1813,200
2025,2,26,4,MQ,3378,N519MQ,DCA,JFK,1511,1630,53
2025,2,26,4,EV,4342,N18102,ABQ,IAH,0855,1206,173
2025,2,27,5,OO,5262,N762SK,CVG,DEN,1705,1815,152
2025,2,27,5,UA,1403,N28478,IAH,ORD,1026,1309,76
2025,2,27,5,MQ,3638,N522MQ,ORD,COU,1050,1208,79
2025,2,27,5,MQ,2985,N918MQ,DFW,ROW,2045,2113,96
2025,2,28,6,OO,6442,N787SK,LAX,OKC,1625,2115,103
2025,2,28,6,DL,1637,N363NW,DTW,BWI,2030,2203,61
2025,3,1,7,MQ,3234,N681MQ,CHA,DFW,1809,1930,148
2025,3,1,7,UA,1104,N69804,DEN,IAH,0830,1157,85
2025,3,1,7,US,667,N109UW,PBI,CLT,1015,1208,129
2025,3,1,7,OO,4538,N825SK,MSP,BNA,1934,2147,138
2025,3,2,1,NK,639,N512NK,DTW,TPA,1053,1328,112
2025,3,2,1,DL,565,N945DL,ATL,CVG,1205,1329,98
2025,3,3,2,AA,1490,N3JUAA,PBI,LGA,1755,2037,65
2025,3,3,2,OO,6415,N932EV,GTF,DEN,1356,1550,100
2025,3,3,2,UA,238,N486UA,IAH,DEN,1740,1916,101
2025,3,3,2,MQ,3082,N3AEMQ,ORD,MSP,1750,1914,182
2025,3,4,3,DL,2249,N940DL,ATL,IAH,2158,2316,149
2025,3,4,3,UA,1474,N45440,CLE,LAX,1845,2101,134
2025,3,5,4,F9,1332,N209FR,IAD,MCO,0745,1010,163
2025,3,5,4,EV,3828,N16981,STL,ORD,1127,1240,51
2025,3,5,4,F9,1111,N201FR,MCO,CLE,1720,1945,126
2025,3,5,4,MQ,3238,N678MQ,HSV,ORD,1720,1926,87
2025,3,7,6,VX,928,N635VA,SFO,LAX,1325,1445,176
2025,3,7,6,UA,1079,N87513,DEN,RSW,0757,1334,131
2025,3,7,6,MQ,3157,N512MQ,ORD,ABQ,1025,1233,78
2025,3,7,6,F9,362,N933FR,DEN,MKE,0926,1239,182
2025,3,7,6,WN,1150,N8652B,DEN,OAK,0830,1015,129
2025,3,8,7,WN,40,N482WN,DAL,TUL,1740,1835,102
2025,3,8,7,OO,5582,N754SK,LAX,MTJ,1300,1554,84
2025,3,8,7,AS,521,N548AS,SNA,SEA,1120,1400,103
2025,3,8,7,AS,21,N435AS,ORD,SEA,1935,2210,199
2025,3,9,1,B6,301,N775JB,JFK,FLL,1430,1745,158
2025,3,9,1,OO,6279,N951SW,TUS,DEN,0850,1152,147
2025,3,9,1,DL,1626,N374NW,ATL,BHM,1537,1532,66
2025,3,10,2,OO,6238,N954SW,ACV,SFO,1739,1849,181
2025,3,10,2,UA,1157,N33294,LAS,DEN,1145,1436,154
2025,3,10,2,DL,977,N947DN,ORD,ATL,0545,0850,200
2025,3,11,3,AA,73,N3DNAA,PHL,CLT,1005,1210,75
2025,3,11,3,EV,4892,N195PQ,STL,MSP,1701,1839,190
2025,3,12,4,EV,4521,N14573,MKE,EWR,1102,1414,115
2025,3,12,4,DL,855,N683DA,DTW,SLC,1732,1925,154
2025,3,12,4,UA,298,N839UA,ATL,EWR,0600,0811,197
2025,3,12,4,EV,4396,N28529,HOB,IAH,1202,1440,200
2025,3,12,4,WN,921,N473WN,RNO,DEN,0615,0930,158
2025,3,12,4,WN,209,N247WN,PHX,SMF,1735,1930,134
2025,3,13,5,DL,1389,N807DN,DTW,LAS,1149,1315,189
2025,3,13,5,DL,2288,N961AT,ATL,BHM,1355,1348,182
2025,3,14,6,AA,1452,N3DMAA,DCA,ORD,1348,1500,178
2025,3,14,6,MQ,3115,N519MQ,MEM,ORD,0600,0753,159
2025,3,14,6,UA,1652,N76269,SJU,CLE,1345,1825,108
2025,3,14,6,HA,108,N485HA,HNL,KOA,0501,0543,159
2025,3,14,6,OO,5384,N563SW,LAX,CLD,2100,2148,180
2025,3,15,7,WN,3855,N475WN,MKE,MCO,1220,1600,116
2025,3,15,7,MQ,3200,N508MQ,AMA,DFW,0948,1059,79
2025,3,16,1,OO,4832,N608SK,LAX,SJC,0625,0750,184
2025,3,16,1,EV,6185,N18120,GJT,DEN,1731,1838,175
2025,3,16,1,HA,207,N479HA,KOA,HNL,1049,1133,168
2025,3,17,2,B6,164,N554JB,SRQ,JFK,1142,1429,94
2025,3,17,2,WN,1363,N216WR,SJC,LAX,1425,1530,110
2025,3,17,2,WN,507,N346SW,PHX,BOI,1310,1615,120
2025,3,17,2,AA,1265,N567AA,LAS,DFW,1425,1905,147
2025,3,17,2,US,729,N127UW,PHL,SEA,1800,2113,194
2025,3,17,2,F9,1282,N203FR,DEN,ORD,1050,1410,65
2025,3,19,4,UA,1421,N14228,ORD,IAH,1344,1643,175
2025,3,19,4,EV,6064,N11194,CID,ORD,1133,1238,134
2025,3,19,4,DL,860,N360NB,SNA,MSP,0645,1226,169
2025,3,19,4,OO,2875,N869AS,LAX,ABQ,0912,1206,123
2025,3,20,5,EV,5978,N14173,ORD,DSM,1540,1658,61
2025,3,20,5,EV,4560,N25134,LNK,ORD,1103,1240,172
2025,3,21,6,EV,4570,N12540,DAY,ORD,1727,1740,193
2025,3,21,6,EV,4707,N17524,IAH,HRL,1504,1616,142
2025,3,21,6,OO,7391,N438SW,GCC,SLC,1700,1831,140
2025,3,21,6,WN,1736,N8309C,SJU,MCO,1505,1820,199
2025,3,21,6,WN,2357,N616SW,BWI,ATL,1755,1955,86
2025,3,22,7,WN,122,N790SW,SNA,SFO,1745,1905,108
2025,3,22,7,DL,2613,N991AT,EVV,ATL,0600,0829,83
2025,3,23,1,US,1923,N758US,CLT,DTW,1120,1308,107
2025,3,23,1,AS,840,N530AS,OGG,OAK,1540,2335,143
2025,3,23,1,VX,713,N854VA,DAL,SFO,0750,0940,179
2025,3,25,3,WN,771,N391SW,ATL,AUS,0940,1125,183
2025,3,25,3,DL,160,N921DN,DEN,MSP,1115,1411,134
2025,3,25,3,WN,4374,N272WN,FNT,TPA,0700,0950,186
2025,3,26,4,OO,6279,N915SW,TUS,DEN,0850,1152,65
2025,3,26,4,AA,208,N5ELAA,LAX,MIA,0900,1655,198
2025,3,26,4,WN,494,N205WN,BWI,FLL,0700,0945,104
2025,3,27,5,OO,2754,N889AS,FLG,PHX,2110,2200,174
2025,3,27,5,HA,265,N493HA,OGG,HNL,1848,1923,123
2025,3,27,5,MQ,3312,N650MQ,BPT,DFW,1735,1849,93
2025,3,27,5,DL,1327,N3739P,CMH,LAX,0633,0845,130
2025,3,28,6,B6,1684,N630JB,MCO,JFK,1743,2029,166
2025,3,28,6,OO,6452,N221SW,FAT,LAX,0702,0823,194
2025,3,28,6,OO,5628,N705SK,RNO,SFO,0620,0727,53
2025,3,29,7,UA,223,N818UA,DEN,PHL,1728,2300,70
2025,3,29,7,EV,4864,N12540,BTR,IAH,0915,1026,118
2025,3,29,7,OO,3468,N215AG,SEA,OMA,1040,1544,170
2025,3,29,7,EV,4496,N16178,CRP,IAH,1712,1814,105
2025,3,29,7,WN,105,N8660A,FLL,ATL,0620,0820,119
2025,3,29,7,AS,553,N796AS,PSP,SEA,0950,1237,139
2025,3,29,7,OO,4537,N820SK,GEG,LAX,0758,1050,53
2025,3,29,7,WN,940,N711HK,LAS,SFO,1550,1720,187
2025,3,30,1,OO,7402,N438SW,DTW,ESC,1204,1330,147
2025,3,30,1,EV,3955,N15555,IAH,JAN,1658,1812,137
2025,3,30,1,UA,1012,N76508,DCA,IAH,0549,0819,95
2025,3,31,2,EV,5218,N980EV,ATL,PHF,2102,2241,80
2025,3,31,2,AA,1551,N502AA,PIT,DFW,0550,0758,124
2025,3,31,2,EV,2507,N904EV,DFW,BTR,0850,1013,180
2025,4,1,3,OO,5632,N979SW,SBA,SFO,0520,0635,58
2025,4,1,3,MQ,3148,N670MQ,MLI,DFW,1244,1500,141
2025,4,1,3,NK,561,N506NK,LAS,LAX,1335,1443,88
2025,4,1,3,EV,5593,N839AS,ATL,MOB,0821,0835,63
2025,4,2,4,US,1822,N947UW,PHL,PBI,1005,1257,76
2025,4,2,4,WN,4992,N938WN,MCO,PHX,1810,2015,111
2025,4,3,5,AA,1613,N3FVAA,SJU,MIA,1600,1853,151
2025,4,3,5,NK,388,N516NK,LAS,DTW,1219,1914,146
2025,4,3,5,OO,4460,N8932C,LWS,SLC,1203,1428,97
2025,4,3,5,DL,583,N310NW,LGA,DTW,0910,1123,80
2025,4,5,7,DL,2445,N927AT,ATL,DAL,1605,1730,140
2025,4,5,7,EV,6003,N16525,MLU,IAH,1508,1620,139
2025,4,5,7,HA,335,N488HA,OGG,HNL,1601,1638,117
2025,4,6,1,DL,1655,N346NB,MSY,JFK,1730,2133,75
2025,4,6,1,WN,2700,N216WR,ATL,FLL,2025,2215,159
2025,4,6,1,AS,760,N423AS,SAN,MCO,1020,1752,116
2025,4,6,1,DL,980,N635DL,ATL,BOS,1455,1740,56
2025,4,7,2,WN,3431,N8647A,MSP,PHX,1740,1910,102
2025,4,7,2,WN,1901,N550WN,MCO,LAS,1020,1245,89
2025,4,7,2,MQ,3204,N664MQ,GJT,DFW,1555,1906,131
2025,4,7,2,WN,2180,N737JW,SFO,SNA,0930,1055,186
2025,4,8,3,OO,5570,N776SK,ORD,CID,2255,2357,54
2025,4,9,4,MQ,3107,N543MQ,ORD,STL,1400,1523,135
2025,4,9,4,DL,942,N302NB,ATL,GSO,1210,1326,141
2025,4,9,4,WN,3769,N793SA,LAS,LAX,1330,1435,128
2025,4,9,4,WN,164,N665WN,BWI,GRR,0800,0945,153
2025,4,9,4,NK,847,N631NK,ORD,DEN,1110,1250,143
2025,4,10,5,NK,788,N515NK,LAS,DTW,2318,0610,88
2025,4,10,5,AA,2236,N4YSAA,DFW,MEM,1819,1950,87
2025,4,10,5,WN,553,N317WN,DAL,MAF,1335,1445,200
2025,4,10,5,OO,3490,N216AG,SEA,FAT,1800,1958,185
2025,4,11,6,NK,940,N529NK,DFW,ORD,0616,0835,199
2025,4,11,6,UA,1435,N78448,IAH,MCO,1949,2303,146
2025,4,11,6,WN,3574,N709SW,LAX,MCI,0840,1350,131
2025,4,12,7,AA,2235,N3DEAA,PBI,DFW,1400,1615,104
2025,4,13,1,UA,1108,N17719,EWR,MSY,0702,0925,120
2025,4,13,1,UA,677,N822UA,DEN,IAH,1833,2157,195
2025,4,14,2,EV,4860,N17185,DEN,LFT,0955,1341,192
2025,4,14,2,EV,5978,N14905,ORD,CLT,1931,2231,89
2025,4,14,2,WN,1694,N750SA,OAK,SLC,0940,1220,54
2025,4,15,3,DL,2100,N907DA,ATL,BOS,1920,2157,111
2025,4,15,3,DL,433,N915DE,JFK,ATL,1810,2103,132
2025,4,15,3,OO,6422,N791SK,ORD,MEM,1235,1423,193
2025,4,15,3,DL,1192,N375NC,GEG,SLC,0615,0852,85
2025,4,15,3,WN,3919,N925WN,FLL,BWI,1035,1315,182
2025,4,16,4,WN,2866,N8649A,MDW,DEN,0830,1015,189
2025,4,16,4,EV,5680,N14920,CLT,EWR,0620,0809,143
2025,4,16,4,WN,1540,N395SW,HOU,SAT,2210,2305,101
2025,4,16,4,WN,598,N794SW,OKC,HOU,1315,1440,106
2025,4,17,5,WN,391,N629SW,BNA,MCI,1625,1800,90
2025,4,17,5,DL,2646,N327NB,PHL,MSP,0625,0817,58
2025,4,17,5,EV,4870,N753EV,LGA,SAV,2045,2315,170
2025,4,17,5,EV,4546,N14105,IAH,ORF,1900,2258,96
2025,4,17,5,OO,4440,N549CA,MSP,STL,1300,1434,63
2025,4,17,5,UA,644,N494UA,PDX,IAD,0800,1600,187
2025,4,17,5,WN,221,N737JW,HOU,DEN,1205,1335,178
2025,4,17,5,MQ,3033,N922MQ,ORD,SGF,1704,1856,159
2025,4,18,6,DL,74,N929DL,MIA,ATL,1630,1836,81
2025,4,18,6,WN,2577,N7723E,LAS,SAN,1320,1430,150
2025,4,18,6,OO,4457,N446SW,DSM,MSP,1100,1159,116
2025,4,19,7,OO,2876,N866AS,LAX,SAN,1255,1341,185
2025,4,19,7,UA,1554,N24212,EWR,IAH,1621,1910,129
2025,4,20,1,US,1932,N182UW,CLT,PHL,0725,0859,94
2025,4,20,1,MQ,3002,N662MQ,DFW,HOU,0705,0816,76
2025,4,20,1,DL,864,N913DN,MSP,MSN,2146,2241,180
2025,4,20,1,AA,1600,N3DBAA,MIA,DTW,1855,2203,178
2025,4,20,1,MQ,2975,N653MQ,ORD,CMI,1635,1731,146
2025,4,20,1,WN,164,N670SW,BWI,GRR,0800,0945,182
2025,4,20,1,WN,3218,N959WN,OAK,ABQ,2025,2335,85
2025,4,21,2,DL,1913,N986DL,ATL,LIT,0905,0940,195
2025,4,21,2,EV,2716,N673AE,CRP,DFW,0500,0627,140
2025,4,21,2,EV,3256,N12996,ORD,CAK,1409,1626,165
2025,4,21,2,UA,1190,N18243,EWR,ORD,0800,0934,197
2025,4,21,2,WN,872,N623SW,BNA,BOS,2000,2330,183
2025,4,22,3,F9,1220,N923FR,MCO,PHL,0840,1105,174
2025,4,22,3,WN,2173,N7811F,LAX,MCI,1945,0055,104
2025,4,22,3,EV,5358,N848AS,ATL,XNA,0811,0903,105
2025,4,22,3,OO,4965,N785SK,CVG,ORD,1801,1815,93
2025,4,22,3,DL,2691,N977AT,BOS,LGA,1900,2017,151
2025,4,23,4,NK,705,N587NK,FLL,SJU,1046,1323,60
2025,4,23,4,B6,116,N247JB,JFK,SYR,0936,1052,79
2025,4,23,4,DL,2495,N923DN,MSP,DTW,1950,2228,128
2025,4,23,4,OO,2881,N864AS,TUS,LAX,0625,0800,111
2025,4,23,4,B6,701,N624JB,FLL,LAX,1031,1324,162
2025,4,23,4,AA,1258,N474AA,LAX,STL,0610,1149,58
2025,4,24,5,WN,1163,N221WN,ATL,MSY,1525,1605,84
2025,4,24,5,WN,42,N515SW,HOU,DAL,1630,1730,132
2025,4,24,5,EV,5467,N676CA,XNA,ATL,1245,1525,144
2025,4,24,5,WN,760,N669SW,HOU,MCI,0715,0905,157
2025,4,24,5,DL,768,N664DN,ATL,PBI,1340,1533,152
2025,4,25,6,OO,7371,N779CA,MSP,BJI,1115,1223,175
2025,4,25,6,WN,1787,N942WN,BHM,HOU,0735,0925,51
2025,4,26,7,EV,5244,N857AS,MGM,ATL,0923,1121,153
2025,4,26,7,EV,6072,N14180,IND,ORD,2005,2014,110
2025,4,26,7,EV,4526,N15574,IAH,ELP,1338,1442,82
2025,4,27,1,DL,1477,N365NW,LAX,SLC,1020,1306,91
2025,4,27,1,WN,1273,N7733B,PHX,PHL,0945,1720,192
2025,4,28,2,EV,5366,N755EV,DTW,MDW,1540,1555,129
2025,4,28,2,DL,1793,N361NB,MSP,CLT,1306,1627,167
2025,4,28,2,DL,1357,N902DA,MSP,DTW,1750,2031,195
2025,4,28,2,F9,658,N922FR,SFO,DEN,1015,1340,185
2025,4,29,3,WN,697,N219WN,DEN,SLC,2215,2345,153
2025,4,29,3,WN,867,N669SW,SAN,LAS,0740,0850,118
2025,4,29,3,MQ,3381,N653MQ,DFW,JAN,0720,0848,61
2025,4,30,4,WN,3743,N359SW,BWI,CLE,1340,1455,187
2025,4,30,4,UA,249,N466UA,IAH,SEA,2116,2357,186
2025,4,30,4,DL,1190,N315NB,CAK,ATL,1114,1305,95
2025,4,30,4,UA,1435,N79402,IAH,MCO,1933,2247,155
2025,4,30,4,UA,1593,N33262,MCO,EWR,2016,2300,73
2025,5,1,5,AA,1673,N598AA,DFW,BNA,1504,1656,163
2025,5,2,6,WN,1334,N441WN,LAS,SAN,1900,2005,113
2025,5,2,6,MQ,3448,N630MQ,SJT,DFW,0515,0619,101
2025,5,3,7,WN,543,N258WN,LAS,SEA,2135,0010,141
2025,5,3,7,MQ,3181,N518MQ,ORD,DSM,1220,1349,54
2025,5,3,7,AS,714,N703AS,PDX,SLC,1510,1800,103
2025,5,3,7,US,773,N732US,ATL,PHL,0830,1040,170
2025,5,3,7,EV,3927,N13553,IAH,MAF,1900,2030,83
2025,5,4,1,US,867,N203UW,MCO,CLT,0835,1017,188
2025,5,4,1,OO,4630,N455CA,COS,SLC,0825,1011,144
2025,5,5,2,VX,26,N625VA,SFO,JFK,1355,2229,156
2025,5,5,2,MQ,3215,N830MQ,ORD,HPN,0905,1222,195
2025,5,5,2,WN,754,N380SW,DAL,ECP,1230,1420,133
2025,5,5,2,WN,724,N782SA,DAL,PHX,0855,0930,137
2025,5,5,2,WN,2881,N296WN,PHX,SNA,0935,1055,142
2025,5,6,3,EV,4624,N12924,AMA,IAH,1645,1825,98
2025,5,6,3,WN,859,N7749B,DEN,OAK,2210,2345,79
2025,5,6,3,WN,2570,N426WN,BNA,LGA,1425,1740,149
2025,5,6,3,UA,366,N547UA,LIH,LAX,2035,0500,191
2025,5,6,3,WN,4662,N960WN,ABQ,PDX,1240,1435,70
2025,5,6,3,UA,594,N449UA,DEN,PHX,1845,1940,184
2025,5,6,3,OO,5313,N471CA,DEN,PUB,0823,0917,53
2025,5,6,3,OO,5591,N728SK,PHX,SFO,1104,1313,59
2025,5,7,4,AA,386,N4XHAA,DFW,JAX,1505,1829,93
2025,5,7,4,AA,2297,N494AA,AUS,DFW,1430,1536,120
2025,5,7,4,OO,5578,N106SY,ORD,DFW,1300,1539,140
2025,5,7,4,WN,348,N431WN,BHM,LAS,1140,1345,142
2025,5,7,4,WN,4555,N951WN,LAX,LAS,2050,2150,79
2025,5,8,5,OO,4713,N641CA,SMF,SLC,1631,1910,142
2025,5,8,5,DL,1862,N355NW,ATL,MSY,1355,1427,65
2025,5,8,5,WN,897,N8625A,AUS,PHX,1240,1310,148
2025,5,9,6,AS,368,N513AS,SEA,SMF,1915,2056,192
2025,5,9,6,US,407,N562UW,PHX,SFO,1355,1602,150
2025,5,9,6,AS,115,N305AS,SEA,ANC,2305,0130,132
2025,5,9,6,WN,2580,N8615E,MCO,HOU,1745,1915,130
2025,5,9,6,UA,883,N496UA,BWI,DEN,0819,1020,198
2025,5,10,7,AA,98,N438AA,DFW,MSY,1520,1654,140
2025,5,10,7,DL,1799,N949DN,ATL,PHL,2040,2249,115
2025,5,10,7,AA,1304,N486AA,OKC,DFW,1040,1144,72
2025,5,10,7,UA,1637,N37298,SFO,SEA,2035,2245,158
2025,5,10,7,AS,455,N318AS,LAX,SEA,0830,1118,117
2025,5,10,7,MQ,3634,N532MQ,STL,LGA,0815,1138,64
2025,5,10,7,WN,365,N767SW,SAN,PHX,1620,1730,125
2025,5,10,7,AS,621,N594AS,LAS,PDX,1950,2159,171
2025,5,11,1,EV,4344,N12900,CRP,IAH,1905,2008,177
2025,5,11,1,WN,313,N939WN,CLE,MDW,1215,1225,55
2025,5,12,2,AA,2274,N4XGAA,MSP,DFW,0520,0753,66
2025,5,12,2,DL,2161,N933DL,ATL,PHL,1622,1841,68
2025,5,13,3,AA,1174,N583AA,RNO,DFW,0559,1112,56
2025,5,13,3,WN,1275,N769SW,BWI,CLE,2225,2350,100
2025,5,14,4,AS,405,N644AS,SJC,PDX,0700,0840,194
2025,5,15,5,UA,1214,N13248,DEN,ORD,0955,1326,114
2025,5,15,5,AA,2478,N574AA,DFW,SMF,1705,1900,78
2025,5,15,5,OO,2890,N492SW,LAX,SLC,1840,2127,72
2025,5,15,5,UA,1629,N39726,EWR,MSY,1045,1305,194
2025,5,15,5,UA,1919,N13750,SMF,IAH,1218,1759,54
2025,5,15,5,VX,210,N627VA,SFO,ORD,1555,2205,133
2025,5,16,6,EV,5180,N861AS,ATL,CHA,2150,2236,105
2025,5,16,6,WN,3586,N779SW,LAS,BUR,1655,1800,120
2025,5,17,7,OO,4519,N459SW,DTW,SBN,2135,2233,199
2025,5,17,7,US,560,N601AW,MCI,PHX,0545,0636,85
2025,5,17,7,DL,870,N355NW,MSP,CLT,1303,1630,163
2025,5,17,7,US,731,N916US,CLT,MIA,1805,2005,51
2025,5,17,7,UA,791,N467UA,LGA,IAH,1700,2004,112
2025,5,17,7,DL,702,N324NB,SLC,MCI,1345,1713,150
2025,5,19,2,WN,286,N901WN,ABQ,LAX,1550,1645,191
2025,5,19,2,UA,1714,N13718,LGA,ORD,0701,0835,151
2025,5,19,2,MQ,3399,N838MQ,DFW,LEX,1210,1527,52
2025,5,19,2,WN,3217,N370SW,MCI,PHX,1935,2025,134
2025,5,19,2,WN,4117,N7813P,DCA,CAK,1525,1635,58
2025,5,20,3,MQ,3357,N696MQ,GRR,DFW,1915,2105,60
2025,5,20,3,DL,1118,N817DN,RSW,MSP,1830,2100,168
2025,5,20,3,WN,3663,N413WN,LAS,ATL,1440,2135,100
2025,5,20,3,AA,1626,N3ADAA,ORD,SAN,2015,2240,51
2025,5,21,4,UA,528,N514UA,LAX,BOS,0809,1646,175
2025,5,22,5,UA,1142,N24729,BOS,ORD,1058,1245,199
2025,5,22,5,AA,1247,N860AA,PHX,DFW,1635,2057,75
2025,5,22,5,WN,2168,N483WN,SAN,OAK,1515,1640,96
2025,5,22,5,WN,242,N959WN,OMA,MDW,1730,1855,185
2025,5,23,6,MQ,3501,N652MQ,ORD,GRR,1500,1659,105
2025,5,24,7,UA,1140,N57855,LAX,IAH,1710,2215,186
2025,5,24,7,EV,5919,N11140,CLT,ORD,0655,0805,127
2025,5,25,1,US,1810,N712US,LGA,CLT,1130,1332,77
2025,5,25,1,US,696,N547UW,LAX,CLT,2240,0622,127
2025,5,25,1,NK,310,N618NK,LAX,FLL,2055,0444,160
2025,5,26,2,US,2167,N967UW,DCA,LGA,1800,1926,96
2025,5,26,2,US,615,N672AW,IND,PHX,1805,1856,120
2025,5,26,2,UA,1578,N17233,BWI,LAX,0601,0845,124
2025,5,27,3,WN,2518,N608SW,ONT,PHX,0530,0640,58
2025,5,27,3,AA,223,N3MDAA,BOS,LAX,1955,2324,183
2025,5,27,3,UA,1141,N39475,DEN,ORD,1459,1825,99
2025,5,27,3,US,1783,N174US,CLT,BOS,2020,2228,126
2025,5,28,4,WN,2433,N7709A,LGA,MKE,1535,1710,91
2025,5,29,5,DL,1748,N938AT,TUL,ATL,1226,1527,96
2025,5,29,5,DL,2432,N932DL,DTW,SYR,1950,2109,60
2025,5,30,6,WN,2084,N725SW,ALB,BWI,0800,0925,73
2025,5,30,6,UA,386,N464UA,JAC,DEN,1317,1444,71
2025,5,30,6,WN,1501,N712SW,PHX,ONT,1425,1525,198
2025,5,31,7,AA,1044,N3JGAA,IAH,MIA,0525,0846,118
2025,5,31,7,WN,159,N294WN,BOS,STL,1850,2050,162
2025,6,1,1,MQ,3143,N619MQ,ABI,DFW,0705,0800,152
2025,6,2,2,MQ,3226,N935MQ,DSM,ORD,0940,1100,101
2025,6,2,2,DL,1057,N335NB,CLT,DTW,1830,2029,88
2025,6,2,2,AA,200,N866AA,JFK,MIA,0820,1132,178
2025,6,2,2,AA,1163,N3CKAA,DFW,CLT,1445,1815,108
2025,6,2,2,EV,4911,N611QX,DTW,RDU,1735,1910,181
2025,6,3,3,WN,583,N289CT,PHX,SJC,0805,1000,79
2025,6,4,4,B6,218,N296JB,CLT,JFK,1046,1238,66
2025,6,4,4,US,1975,N546UW,CLT,LAX,1950,2156,176
2025,6,4,4,OO,3479,N219AG,SAN,SLC,0840,1134,152
2025,6,4,4,OO,6354,N939SW,LEX,ORD,1640,1705,131
2025,6,5,5,OO,2899,N866AS,FAT,LAX,0800,0918,50
2025,6,5,5,WN,569,N755SA,SAT,BWI,0530,0945,129
2025,6,5,5,AA,2310,N3FFAA,DFW,SEA,1210,1428,134
2025,6,5,5,WN,8,N460WN,DAL,MAF,0935,1045,78
2025,6,6,6,DL,2600,N627DL,SAN,SLC,1801,2049,126
2025,6,6,6,OO,7393,N912EV,SLC,SGU,0945,1047,116
2025,6,7,7,DL,1514,N977DL,LGA,FLL,1450,1808,105
2025,6,8,1,AA,1698,N3KCAA,DFW,PDX,1940,2135,65
2025,6,8,1,EV,4884,N860AS,LEX,ATL,0610,0728,69
2025,6,8,1,UA,1159,N36472,ORD,EWR,1349,1715,79
2025,6,8,1,WN,1466,N374SW,MCI,MDW,1300,1420,165
2025,6,8,1,UA,1232,N37468,LAX,HNL,1900,2149,154
2025,6,9,2,HA,2,N395HA,HNL,LAX,1440,2305,154
2025,6,9,2,EV,6102,N11189,DEN,IAH,2201,0119,181
2025,6,9,2,NK,777,N641NK,FLL,LAS,2015,2231,124
2025,6,9,2,F9,1007,N923FR,PHL,MSP,1400,1545,60
2025,6,10,3,EV,2647,N677AE,TYR,DFW,1019,1109,189
2025,6,10,3,OO,2747,N885AS,PHX,ABQ,0852,1117,87
2025,6,11,4,AA,1411,N3JPAA,ORD,MIA,0600,1007,83
2025,6,12,5,EV,4431,N15572,IAH,PNS,1642,1816,131
2025,6,12,5,AA,6,N377AA,OGG,DFW,1715,0538,171
2025,6,12,5,DL,1757,N687DL,SNA,ATL,1230,2000,129
2025,6,13,6,EV,3842,N15980,CLT,ORD,1313,1423,55
2025,6,13,6,MQ,3590,N653MQ,MIA,GNV,2135,2249,97
2025,6,13,6,DL,2473,N947DN,ATL,BUF,2045,2250,118
2025,6,13,6,OO,6358,N946SW,IDA,DEN,0720,0855,175
2025,6,14,7,EV,5174,N761ND,DTW,EWR,1546,1733,165
2025,6,14,7,UA,576,N427UA,DEN,ORD,1231,1600,187
2025,6,15,1,EV,5033,N922EV,ABE,ATL,1202,1410,108
2025,6,15,1,DL,2756,N910AT,SFO,LAX,0900,1040,63
2025,6,15,1,DL,2591,N550NW,SJC,MSP,1230,1808,137
2025,6,15,1,HA,516,N485HA,HNL,OGG,2149,2225,187
2025,6,16,2,AA,159,N5EJAA,DFW,SFO,0726,0914,200
2025,6,16,2,DL,1536,N3768,DTW,BWI,1028,1203,169
2025,6,16,2,EV,4296,N22909,IAH,ICT,0845,1027,118
2025,6,17,3,AA,2485,N860AA,DFW,LAX,1155,1315,191
2025,6,17,3,VX,22,N839VA,SFO,JFK,0915,1759,161
2025,6,18,4,WN,739,N406WN,MDW,BHM,0855,1030,179
2025,6,18,4,WN,925,N762SW,TPA,PHX,1915,2030,58
2025,6,18,4,WN,2411,N239WN,TPA,ISP,1115,1355,99
2025,6,18,4,AA,1071,N4YSAA,DFW,DSM,2050,2244,190
2025,6,18,4,US,688,N744P,PHX,OMA,0905,1349,122
2025,6,19,5,DL,2845,N750AT,OGG,SEA,2141,0610,81
2025,6,19,5,WN,3937,N792SW,ATL,PBI,1345,1535,184
2025,6,19,5,UA,1153,N76503,ORD,LAS,0905,1101,184
2025,6,20,6,WN,2712,N790SW,MDW,SFO,1900,2140,62
2025,6,20,6,WN,1294,N7725A,MCI,MKE,1205,1330,140
2025,6,20,6,UA,1973,N26215,SAT,IAH,1654,1800,107
2025,6,20,6,VX,218,N361VA,SFO,AUS,1135,1705,81
2025,6,20,6,NK,365,N529NK,MSY,DFW,1545,1714,189
2025,6,21,7,AA,1444,N3JEAA,PHX,ORD,1335,1906,139
2025,6,21,7,EV,3814,N14186,ORD,GSP,0725,1011,67
2025,6,22,1,DL,2847,N804DN,SLC,BOI,2210,2321,146
2025,6,22,1,DL,1321,N949DN,MSP,BOI,2150,2358,193
2025,6,22,1,AS,43,N756AS,ANC,BET,1125,1236,190
2025,6,22,1,OO,6408,N934SW,DEN,LBB,1945,2212,99
2025,6,24,3,MQ,3247,N669MQ,FNT,ORD,0537,0559,193
2025,6,24,3,DL,466,N365NW,SLC,JFK,0830,1509,164
2025,6,24,3,AA,1561,N4WPAA,AUS,DFW,1152,1300,61
2025,6,24,3,NK,379,N632NK,ACY,MYR,0645,0812,92
2025,6,24,3,DL,1934,N326NB,DTW,MEM,1352,1446,163
2025,6,24,3,WN,3238,N8307K,SNA,LAS,1245,1350,139
2025,6,25,4,WN,2882,N8325D,SEA,DEN,0540,0915,150
2025,6,25,4,DL,2485,N345NB,BNA,ATL,0530,0730,87
2025,6,25,4,DL,2204,N697DL,LAX,SLC,1315,1558,159
2025,6,26,5,HA,173,N485HA,HNL,LIH,1401,1440,66
2025,6,26,5,UA,462,N454UA,ORD,LGA,0600,0914,86
2025,6,26,5,AA,276,N3FVAA,ORD,LGA,0600,0905,177
2025,6,27,6,F9,796,N206FR,PDX,DEN,0600,0929,150
2025,6,28,7,DL,1804,N805DN,FLL,DTW,1350,1648,87
2025,6,28,7,DL,2582,N938AT,ATL,ABE,2051,2256,102
2025,6,28,7,EV,4699,N13969,CRP,IAH,1426,1529,169
2025,6,29,1,WN,9,N524SW,ELP,DAL,0545,0825,73
2025,6,29,1,B6,1226,N273JB,BWI,BOS,0833,0957,129
2025,6,29,1,AS,59,N457AS,SEA,JNU,1255,1418,145
2025,6,29,1,UA,1049,N68805,EWR,SFO,2029,2357,90
2025,6,29,1,WN,442,N451WN,DEN,SFO,2225,0005,115
2025,6,29,1,B6,1447,N339JB,HPN,TPA,0845,1127,73
2025,6,30,2,AA,1525,N3HTAA,DFW,PDX,0855,1055,61
2025,6,30,2,WN,3935,N276WN,RDU,BWI,1700,1800,67
2025,7,1,3,DL,998,N3732J,LAX,SEA,1840,2114,197
2025,7,1,3,DL,1401,N901DE,MSP,TPA,0910,1317,176
2025,7,1,3,HA,20,N594HA,OGG,HNL,1025,1110,105
2025,7,1,3,DL,1355,N302DQ,ATL,EYW,0945,1134,83
2025,7,2,4,AA,2150,N821AW,DCA,BOS,2100,2226,54
2025,7,2,4,MQ,3478,N824MQ,JFK,RDU,0807,0956,192
2025,7,2,4,OO,4587,N614SK,SMF,SEA,1811,2003,102
2025,7,2,4,VX,918,N622VA,SFO,LAS,1810,1940,98
2025,7,4,6,EV,4862,N13133,IAH,AEX,2110,2205,165
2025,7,4,6,B6,1146,N239JB,FLL,RIC,1910,2119,134
2025,7,4,6,AA,887,N165US,MIA,CLT,0959,1215,165
2025,7,4,6,OO,2884,N866AS,LAX,TUS,0805,0935,168
2025,7,5,7,WN,1158,N554WN,FLL,CMH,1535,1815,131
2025,7,6,1,MQ,3598,N600MQ,ORD,EVV,1216,1336,103
2025,7,6,1,WN,1090,N922WN,MCO,MSY,0725,0800,59
2025,7,6,1,WN,736,N477WN,BWI,ATL,1130,1320,127
2025,7,7,2,DL,977,N3752,ORD,ATL,0600,0854,192
2025,7,7,2,DL,2848,N998DL,MLB,ATL,0600,0732,84
2025,7,7,2,DL,2443,N921AT,ATL,EWR,0730,0939,110
2025,7,8,3,EV,4765,N13978,MCI,ORD,0515,0648,92
2025,7,8,3,AA,193,N3CVAA,SFO,DFW,1540,2118,181
2025,7,8,3,AS,374,N644AS,SEA,SMF,1215,1405,59
2025,7,9,4,DL,1800,N942DN,ATL,BOS,1625,1915,76
2025,7,9,4,DL,2061,N935DL,PHL,ATL,0745,1002,112
2025,7,9,4,OO,4852,N823SK,IAH,MSP,1811,2059,114
2025,7,9,4,B6,163,N206JB,JFK,SRQ,0736,1033,180
2025,7,9,4,WN,4523,N7732A,DCA,STL,1855,2005,65
2025,7,10,5,WN,1816,N684WN,SMF,PDX,0600,0725,142
2025,7,10,5,AA,1317,N3AKAA,ORD,MIA,0705,1119,72
2025,7,10,5,DL,845,N917DL,PBI,ATL,1220,1414,152
2025,7,10,5,UA,417,N415UA,SEA,EWR,2108,0519,76
2025,7,10,5,UA,203,N815UA,ORD,MSP,0906,1040,140
2025,7,11,6,AA,1905,N582UW,LAX,CLT,0030,0825,171
2025,7,12,7,UA,791,N815UA,ORD,LGA,1055,1411,131
2025,7,13,1,AA,2155,N953UW,DCA,LGA,2000,2133,59
2025,7,13,1,AA,239,N3KKAA,DFW,MSP,2025,2256,162
2025,7,13,1,DL,805,N926DH,PHL,ATL,0900,1108,82
2025,7,13,1,DL,2483,N930DL,OKC,ATL,1753,2106,148
2025,7,13,1,DL,2342,N660DL,JAX,ATL,1415,1543,156
2025,7,14,2,AA,1839,N754UW,MSP,PHL,0700,1031,71
2025,7,14,2,OO,6248,N118SY,SFO,MCI,1050,1635,195
2025,7,15,3,HA,391,N484HA,ITO,HNL,2021,2110,125
2025,7,16,4,WN,3136,N8665D,MCO,SJU,0630,0915,128
2025,7,16,4,UA,1025,N19141,LAX,ORD,0910,1522,194
2025,7,16,4,UA,478,N406UA,SFO,LAX,0720,0858,97
2025,7,17,5,OO,4625,N815SK,MSP,GTF,2200,2336,93
2025,7,17,5,WN,739,N7727A,BHM,LAS,1105,1300,131
2025,7,18,6,EV,4895,N719EV,MSN,DTW,1228,1444,67
2025,7,19,7,WN,571,N7738A,PHX,LAX,1800,1915,146
2025,7,19,7,WN,686,N8313F,MSY,BNA,0735,0910,94
2025,7,19,7,EV,5939,N14171,MEM,ORD,0739,0933,158
2025,7,19,7,UA,412,N471UA,TPA,IAH,1456,1607,73
2025,7,20,1,AS,513,N526AS,SNA,SEA,1240,1510,182
2025,7,20,1,VX,797,N840VA,LAX,SEA,1835,2105,182
2025,7,20,1,UA,491,N854UA,DFW,DEN,0550,0657,157
2025,7,21,2,WN,1251,N728SW,BWI,ATL,0905,1055,73
2025,7,21,2,WN,103,N8649A,AUS,MDW,0630,0915,64
2025,7,21,2,OO,5501,N932SW,COD,DEN,1713,1844,84
2025,7,21,2,AA,1301,N3CRAA,EWR,MIA,0600,0859,151
2025,7,21,2,UA,1754,N14115,SFO,EWR,1300,2145,122
2025,7,21,2,WN,215,N8620H,GEG,PHX,1140,1415,68
2025,7,22,3,UA,1763,N87507,EWR,MSY,0955,1209,138
2025,7,22,3,AS,44,N763AS,BET,ANC,1325,1435,92
2025,7,22,3,OO,4549,N8932C,ATL,CHO,1025,1157,143
2025,7,22,3,EV,5070,N712EV,MSP,DFW,1114,1340,175
2025,7,23,4,DL,2083,N687DL,BOS,SLC,0650,1009,199
2025,7,23,4,UA,1188,N73283,ORD,DFW,0647,0909,129
2025,7,23,4,OO,5208,N107SY,DCA,ORD,1245,1351,142
2025,7,23,4,HA,234,N475HA,LIH,HNL,0912,0944,58
2025,7,23,4,WN,4565,N236WN,MCO,ISP,0655,0925,107
2025,7,23,4,OO,5592,N708SK,DEN,SJC,0755,0928,126
2025,7,23,4,AA,1409,N3HFAA,MIA,LAS,0925,1136,71
2025,7,23,4,EV,2712,N633AE,SHV,DFW,1007,1115,119
2025,7,24,5,WN,597,N412WN,DAL,AUS,0900,0950,126
2025,7,24,5,AA,2190,N585AA,MFE,DFW,1559,1740,182
2025,7,25,6,AA,825,N941UW,PHL,MIA,1735,2023,69
2025,7,25,6,DL,2581,N924DN,STL,MSP,1519,1648,135
2025,7,25,6,WN,5255,N440LV,LAS,FLL,1555,2340,159
2025,7,25,6,UA,1634,N66841,BOS,DEN,1522,1759,109
2025,7,25,6,WN,4416,N788SA,ATL,DEN,1850,2020,122
2025,7,26,7,EV,5313,N870AS,EWN,ATL,0600,0726,183
2025,7,26,7,AA,359,N3KAAA,LGA,ORD,1920,2059,99
2025,7,26,7,WN,559,N769SW,BNA,DEN,0925,1110,191
2025,7,27,1,F9,158,N925FR,DEN,DSM,1445,1721,174
2025,7,27,1,WN,675,N230WN,BWI,PWM,2225,2350,190
2025,7,28,2,DL,2439,N929DL,DAB,ATL,1745,1918,172
2025,7,28,2,DL,569,N357NB,LGA,DTW,1829,2053,149
2025,7,28,2,MQ,3509,N622MQ,DFW,COU,2010,2150,98
2025,7,28,2,DL,1463,N361NB,CHS,ATL,1245,1413,88
2025,7,28,2,AA,481,N971UY,PHL,DEN,0800,1011,94
2025,7,28,2,DL,234,N707TW,PIT,JFK,1731,1910,110
2025,7,28,2,NK,381,N526NK,MSP,DEN,1444,1550,199
2025,7,28,2,DL,2804,N3767,SEA,ANC,2159,0029,62
2025,7,28,2,F9,1070,,MIA,IAD,0930,1155,81
2025,7,28,2,WN,1161,N7725A,SAN,SJC,1925,2040,102
2025,7,28,2,OO,5570,N766SK,IAH,SLC,2117,2324,125
2025,7,29,3,DL,2293,N312US,SLC,GEG,0830,0909,54
2025,7,29,3,AA,2433,N856AA,LAX,DFW,1534,2054,91
2025,7,30,4,WN,575,N435WN,BUR,OAK,1550,1700,68
2025,7,30,4,WN,190,N7728D,SAN,SAT,0745,1230,194
2025,7,30,4,DL,426,N336NW,JFK,DEN,0830,1108,117
2025,7,31,5,UA,716,N447UA,DEN,RNO,2217,2337,107
2025,8,1,6,UA,1123,N21723,IAH,STT,0900,1445,118
2025,8,2,7,WN,333,N636WN,SAT,DAL,1025,1125,143
2025,8,3,1,AA,2160,N810AW,BOS,DCA,0900,1029,103
2025,8,3,1,WN,518,N392SW,SFO,LAX,1405,1535,89
2025,8,3,1,NK,456,N531NK,ORD,FLL,0710,1100,51
2025,8,3,1,WN,1302,N7813P,LAX,SMF,1120,1235,119
2025,8,3,1,F9,405,N952FR,DEN,LAX,1225,1346,164
2025,8,4,2,OO,2972,N889AS,SBA,PHX,1620,1756,123
2025,8,4,2,DL,1129,N969AT,HSV,ATL,0530,0724,113
2025,8,4,2,AA,2002,N820AW,CLT,BOS,1415,1621,95
2025,8,5,3,EV,5246,N925EV,DTW,AVP,1952,2116,122
2025,8,5,3,DL,825,N911DE,PBI,LGA,1825,2120,127
2025,8,5,3,AA,1533,N3JUAA,DCA,MIA,1325,1605,178
2025,8,5,3,HA,333,N483HA,HNL,LIH,0807,0844,123
2025,8,6,4,EV,4960,N738EV,PWM,DTW,0655,0904,115
2025,8,6,4,OO,4489,N816SK,OMA,MSP,1927,2038,197
2025,8,6,4,AA,2126,N957UW,LGA,BOS,0600,0702,122
2025,8,6,4,WN,4004,N7704B,BWI,BOS,1610,1735,161
2025,8,6,4,WN,372,N496WN,FNT,BWI,0540,0710,68
2025,8,6,4,NK,867,N612NK,DFW,LAX,0630,0738,183
2025,8,6,4,AA,1014,N3CXAA,SJU,MIA,0600,0843,92
2025,8,8,6,WN,4604,N494WN,SAT,DEN,1420,1535,51
2025,8,8,6,DL,1055,N6711M,DTW,MSP,1955,2046,115
2025,8,9,7,WN,196,N648SW,MCI,MDW,1150,1315,71
2025,8,10,1,WN,36,N904WN,MDW,SDF,2040,2245,53
2025,8,10,1,HA,529,N480HA,OGG,HNL,1256,1332,124
2025,8,11,2,WN,492,N271LV,MDW,BHM,0745,0920,67
2025,8,12,3,AA,696,N173US,LAX,CLT,2240,0634,91
2025,8,13,4,UA,378,N470UA,IAH,ORD,1717,2006,65
2025,8,13,4,UA,816,N432UA,SEA,SFO,1319,1535,122
2025,8,13,4,UA,1262,N39415,ORD,BOS,1733,2054,70
2025,8,13,4,EV,5281,N708EV,VPS,ATL,0914,1129,90
2025,8,14,5,AA,292,N796AA,LAX,JFK,0600,1440,149
2025,8,14,5,NK,912,N634NK,MCO,ORD,1717,1920,163
2025,8,14,5,AA,936,N5FGAA,JFK,STT,0800,1214,161
2025,8,14,5,AS,64,N788AS,KTN,SEA,1847,2136,186
2025,8,14,5,UA,1626,N37287,ORD,LAS,1936,2136,126
2025,8,15,6,MQ,3467,N3AEMQ,HOU,DFW,1423,1531,188
2025,8,15,6,AA,831,N724UW,STX,CLT,1635,2025,125
2025,8,15,6,AA,1138,N3JSAA,LAX,ORD,1115,1734,123
2025,8,15,6,WN,1166,N461WN,RDU,MCO,1035,1215,90
2025,8,16,7,UA,15,N37263,SJU,EWR,0400,0810,71
2025,8,16,7,NK,724,N514NK,FLL,LBE,0810,1043,76
2025,8,17,1,WN,172,N203WN,SFO,PHX,0815,1005,104
2025,8,17,1,F9,1271,N228FR,ORD,LAX,2120,2350,166
2025,8,18,2,B6,71,N834JB,JFK,SLC,1934,2259,100
2025,8,18,2,EV,5999,N14568,TUL,ORD,1102,1259,144
2025,8,18,2,MQ,3149,N534MQ,DFW,GRR,0710,1043,86
2025,8,19,3,OO,5301,N967SW,MKE,DEN,0840,1020,182
2025,8,20,4,EV,2682,N675AE,BRO,DFW,1735,1919,195
2025,8,20,4,AA,1768,N716UW,DCA,CLT,1720,1850,65
2025,8,21,5,AA,365,N3LKAA,ORD,LGA,1639,1950,71
2025,8,21,5,OO,4440,N161PQ,SFO,SLC,1637,1927,196
2025,8,21,5,DL,2356,N364NB,TLH,ATL,1042,1146,55
2025,8,21,5,WN,2719,N266WN,PHX,SNA,1300,1415,115
2025,8,21,5,AA,1085,N382AA,ORD,MIA,1320,1729,94
2025,8,23,7,WN,1762,N492WN,SNA,SFO,1755,1915,182
2025,8,23,7,OO,6192,N960SW,LBB,DEN,0837,0914,85
2025,8,23,7,OO,6193,N970SW,FAT,DEN,0740,1100,176
2025,8,24,1,DL,1734,N915DL,MSP,DTW,1135,1418,69
2025,8,24,1,EV,5127,N740EV,BDL,RDU,0700,0844,200
2025,8,24,1,WN,2444,N8638A,MDW,DEN,1940,2120,57
2025,8,26,3,OO,4667,N487CA,FAR,MSP,1120,1219,149
2025,8,26,3,DL,1299,N922AT,ATL,MSN,1944,2054,145
2025,8,26,3,AA,1739,N967UW,BOS,PHL,0530,0652,68
2025,8,26,3,B6,2288,N590JB,SFO,LAS,0800,0936,150
2025,8,26,3,OO,5547,N701BR,ONT,DEN,0555,0916,120
2025,8,27,4,WN,815,N353SW,ATL,MKE,1520,1625,114
2025,8,27,4,UA,1568,N68843,DEN,BOS,1255,1855,171
2025,8,28,5,DL,1490,N376NW,DTW,LAS,1520,1641,68
2025,8,28,5,AA,1258,N4XRAA,STL,LAX,1229,1430,113
2025,8,29,6,EV,4478,N16183,JAN,IAH,1635,1800,192
2025,8,30,7,F9,262,N953FR,SNA,DEN,1230,1543,51
2025,8,30,7,AS,137,N407AS,PDX,ANC,1200,1444,136
2025,8,31,1,OO,6498,N109SY,BOI,LAX,1609,1729,75
2025,8,31,1,DL,1106,N947DN,SFO,MSP,0830,1409,142
2025,8,31,1,EV,3272,N13908,IAH,MLU,1348,1456,67
2025,9,2,3,OO,4507,N823AS,SBN,ATL,1123,1321,61
2025,9,2,3,OO,5462,N919SW,ORD,DLH,0921,1054,154
2025,9,2,3,WN,1376,N382SW,PHX,SAN,1540,1645,78
2025,9,3,4,EV,4917,N538CA,ATL,VPS,0830,0842,66
2025,9,4,5,UA,465,N815UA,DEN,BIL,1845,2018,120
2025,9,4,5,DL,2190,N895AT,JFK,MIA,0810,1130,193
2025,9,4,5,AA,652,N742PS,PHX,STL,0845,1347,148
2025,9,4,5,UA,1202,N66841,MSY,IAH,1338,1455,169
2025,9,5,6,AA,818,N967UW,PHL,LGA,1615,1726,147
2025,9,5,6,MQ,3040,N699MQ,RDU,DCA,1019,1121,143
2025,9,6,7,OO,4632,N781CA,SLC,MSO,1109,1241,88
2025,9,6,7,AA,2184,N3LSAA,ORD,SAN,1425,1638,194
2025,9,6,7,OO,5321,N964SW,MKE,ORD,1912,2004,54
2025,9,7,1,OO,2964,N889AS,TUS,PHX,1810,1912,178
2025,9,7,1,DL,761,N313US,MIA,DTW,1550,1859,171
2025,9,7,1,WN,417,N222WN,SEA,PHX,1835,2125,56
2025,9,8,2,AA,476,N565UW,PHX,CLT,0505,1207,174
2025,9,9,3,MQ,3285,N674MQ,DFW,BMI,1309,1508,144
2025,9,9,3,DL,2806,N978AT,LGA,SAV,0910,1144,149
2025,9,9,3,WN,220,N449WN,MDW,ICT,1955,2145,95
2025,9,10,4,WN,2646,N615SW,MKE,LGA,1615,1925,168
2025,9,10,4,EV,4344,N11526,CRP,IAH,1910,2015,69
2025,9,10,4,AA,263,N4XGAA,LAS,DFW,0500,0949,126
2025,9,10,4,DL,2122,N693DL,ATL,BOS,0850,1124,184
2025,9,10,4,WN,366,N935WN,DEN,LAS,1125,1220,167
2025,9,10,4,WN,2767,N267WN,PHL,DEN,0710,0915,137
2025,9,11,5,DL,1834,N960DN,ATL,STL,1710,1750,191
2025,9,11,5,WN,2683,N8619F,DEN,LAX,2150,2320,76
2025,9,13,7,AA,1912,N188US,JFK,CLT,0620,0817,185
2025,9,13,7,UA,237,N480UA,SFO,STL,1125,1721,168
2025,9,13,7,OO,6495,N713SK,COS,LAX,0722,0854,180
2025,9,14,1,WN,1701,N646SW,HOU,HRL,2145,2240,124
2025,9,14,1,B6,51,N563JB,BOS,MCO,0635,0942,73
2025,9,14,1,WN,343,N8322X,BWI,LAS,0700,0910,154
2025,9,14,1,AA,2183,N3CGAA,CLT,IAH,1759,1938,71
2025,9,14,1,WN,2939,N263WN,SNA,SFO,0820,0945,101
2025,9,14,1,WN,1732,N691WN,AUS,LBB,1605,1715,50
2025,9,15,2,WN,2965,N8617E,BNA,MSY,0810,0940,141
2025,9,16,3,B6,423,N923JB,JFK,LAX,1700,2010,192
2025,9,16,3,EV,2719,N684JW,DFW,BRO,0900,1041,171
2025,9,17,4,DL,792,N552NW,PBI,ATL,0700,0852,62
2025,9,18,5,AA,45,N3GNAA,JFK,SEA,1800,2121,122
2025,9,18,5,DL,764,N541US,ATL,MKE,0810,0913,144
2025,9,18,5,EV,4666,N14570,IAH,AMA,1738,1924,153
2025,9,19,6,EV,4949,N608QX,ATL,TRI,1025,1132,138
2025,9,19,6,DL,2252,N981DL,CHS,ATL,0845,1001,193
2025,9,19,6,EV,4916,N132EV,HPN,ATL,0600,0822,112
2025,9,19,6,DL,434,N727TW,JFK,SFO,0900,1230,139
2025,9,19,6,AA,2424,N3JJAA,MIA,AUS,2000,2207,165
2025,9,19,6,OO,5648,N103SY,AUS,SFO,1838,2035,186
2025,9,20,7,WN,2879,N467WN,HOU,MSY,1520,1625,93
2025,9,20,7,AA,1357,N3HBAA,MIA,TPA,0945,1053,127
2025,9,20,7,WN,2016,N567WN,SFO,LAS,0810,0940,139
2025,9,20,7,WN,245,N296WN,BUR,OAK,1150,1300,186
2025,9,21,1,DL,711,N306DQ,ATL,BHM,0835,0829,113
2025,9,21,1,AS,507,N528AS,SNA,SEA,1615,1845,74
2025,9,21,1,EV,5358,N846AS,ATL,XNA,0810,0907,134
2025,9,21,1,OO,5409,N915SW,ORD,EAU,1220,1336,109
2025,9,21,1,DL,326,N3764D,SJU,JFK,0700,1045,180
2025,9,22,2,DL,821,N126DL,LAX,MSP,1100,1634,193
2025,9,22,2,MQ,3369,N663MQ,FWA,ORD,1604,1605,187
2025,9,22,2,OO,5449,N951SW,LAR,DEN,1231,1324,147
2025,9,23,3,WN,156,N421LV,BNA,MDW,1415,1545,93
2025,9,23,3,EV,5011,N761ND,DTW,OMA,1210,1314,196
2025,9,23,3,AA,1941,N742PS,CLT,DTW,0924,1109,167
2025,9,25,5,AA,1151,N3LTAA,ORD,SAN,1705,1929,174
2025,9,25,5,OO,6197,N963SW,BUR,SFO,1027,1152,71
2025,9,25,5,AA,1764,N825AW,DCA,MCI,1020,1208,159
2025,9,25,5,EV,5915,N14993,MOB,ORD,1322,1550,158
2025,9,26,6,OO,5317,N979SW,MKG,ORD,1137,1134,109
2025,9,26,6,DL,2267,N811DZ,ATL,SAN,1106,1230,155
2025,9,27,7,AA,2438,N3ABAA,LAX,SFO,0800,0922,177
2025,9,27,7,OO,4810,N809SK,AUS,SLC,0700,0857,182
2025,9,27,7,WN,141,N482WN,LAS,SLC,1215,1430,165
2025,9,27,7,UA,1812,N24212,ORD,MCO,0918,1300,190
2025,9,28,1,DL,1398,N927DA,ATL,MHT,2055,2331,171
2025,9,28,1,WN,540,N258WN,SAN,LAS,1625,1740,172
2025,9,28,1,OO,4725,N495CA,FWA,DTW,0700,0755,154
2025,9,29,2,DL,2089,N370NB,MSP,SNA,1115,1303,50
2025,9,29,2,WN,1873,N635SW,MCI,DEN,1645,1730,131
2025,9,30,3,WN,1964,N466WN,TPA,FLL,0645,0740,193
2025,9,30,3,AS,771,N536AS,DCA,PDX,1710,1955,157
2025,9,30,3,B6,1486,N358JB,PIT,BOS,1119,1249,135
2025,11,1,7,AA,2415,N3AEAA,MIA,LGA,1820,2116,180
2025,11,1,7,WN,1537,N554WN,ABQ,PHX,1115,1230,176
2025,11,1,7,AA,2580,N3HJAA,JFK,BOS,1225,1329,200
2025,11,2,1,VX,501,N633VA,JFK,FLL,0755,1100,165
2025,11,3,2,WN,36,N646SW,TPA,HOU,1300,1420,142
2025,11,3,2,VX,23,N853VA,JFK,SFO,1030,1355,128
2025,11,3,2,DL,2573,N919AT,ATL,MDW,1216,1314,192
2025,11,4,3,UA,374,N31412,IAD,ORD,0821,0929,70
2025,11,4,3,EV,4906,N858AS,DTW,CID,1956,2037,54
2025,11,4,3,WN,1872,N237WN,LAX,PHX,1750,2010,89
2025,11,4,3,AA,772,N938UW,SJU,PHL,1545,1836,125
2025,11,4,3,WN,2937,N8310C,FLL,DAL,0735,0940,127
2025,11,4,3,WN,197,N8633A,LAS,SEA,1020,1300,123
2025,11,4,3,DL,1194,N3768,SLC,PDX,1515,1608,54
2025,11,5,4,AA,1767,N958UW,PHL,BOS,1515,1627,130
2025,11,5,4,DL,2260,N956AT,EWR,ATL,0800,1028,198
2025,11,5,4,UA,444,N851UA,LAX,SFO,1246,1419,61
2025,11,6,5,WN,384,N222WN,BWI,BUF,1355,1500,115
2025,11,6,5,DL,2813,N355NW,ATL,AUS,2229,2358,180
2025,11,6,5,B6,586,N329JB,JFK,ROC,0800,0922,166
2025,11,6,5,UA,703,N546UA,EWR,LAX,0800,1111,123
2025,11,6,5,B6,801,N629JB,MCO,SLC,2017,2308,72
2025,11,7,6,WN,2905,N258WN,LAX,SMF,1515,1635,121
2025,11,7,6,AA,1646,N541AA,TUL,DFW,1750,1910,60
2025,11,8,7,AA,1712,N976UY,SAN,PHX,1230,1444,151
2025,11,8,7,OO,3471,N218AG,FAT,SAN,1800,1910,83
2025,11,8,7,OO,4841,N823AS,MSP,GFK,1326,1443,89
2025,11,8,7,WN,481,N277WN,AUS,LAS,2040,2140,149
2025,11,8,7,AA,81,N494AA,DFW,TUS,1930,2053,130
2025,11,9,1,DL,2333,N314US,MSP,SLC,1725,1920,108
2025,11,9,1,UA,518,N34460,ORD,PDX,1950,2229,62
2025,11,9,1,DL,763,N963AT,ORD,DTW,0907,1124,82
2025,11,9,1,UA,550,N73278,SFO,PDX,1045,1243,180
2025,11,9,1,WN,2476,N917WN,MDW,BOS,1900,2205,78
2025,11,9,1,EV,5919,N11191,ORD,TUL,0921,1119,104
2025,11,10,2,AA,1370,N3EEAA,ORD,TUL,2038,2237,146
2025,11,10,2,EV,4506,N16976,MLU,IAH,0650,0802,194
2025,11,11,3,DL,2794,N184DN,DTW,ATL,0730,0943,92
2025,11,11,3,WN,490,N8324A,SFO,MDW,0620,1230,74
2025,11,12,4,WN,58,N527SW,ELP,HOU,1610,1855,154
2025,11,12,4,OO,6309,N954SW,GRB,ORD,1903,2003,128
2025,11,12,4,EV,3814,N16561,BTR,IAH,1225,1339,52
2025,11,13,5,OO,6484,N924SW,SFO,SBA,1328,1446,188
2025,11,13,5,AS,50,N768AS,SCC,BRW,1727,1814,166
2025,11,14,6,WN,2889,N564WN,ATL,FLL,0820,1015,104
2025,11,14,6,AS,621,N303AS,LAS,PDX,1955,2210,147
2025,11,15,7,OO,6195,N730SK,IAH,MEM,1020,1158,192
2025,11,15,7,EV,4519,N15910,MEM,IAH,0615,0806,51
2025,11,15,7,AA,92,N3BRAA,LAS,ORD,0854,1437,200
2025,11,16,1,AA,2346,N4YRAA,ORD,DFW,1455,1733,76
2025,11,16,1,B6,1201,N949JB,JFK,FLL,1935,2243,164
2025,11,16,1,UA,1655,N24706,ORD,LGA,2020,2330,82
2025,11,17,2,EV,4224,N16919,EWR,MKE,2105,2233,172
2025,11,17,2,EV,5241,N883AS,ATL,CHA,1712,1758,180
2025,11,17,2,AS,51,N768AS,SCC,ANC,2150,2326,181
2025,11,18,3,AA,1776,N946UW,PHL,BOS,1215,1326,89
2025,11,19,4,WN,213,N8617E,TPA,FLL,1800,1900,84
2025,11,19,4,EV,4593,N11150,HRL,IAH,1054,1210,124
2025,11,20,5,MQ,3239,N643MQ,DFW,SGF,2015,2138,119
2025,11,21,6,DL,2404,N388DA,SAN,JFK,0615,1435,178
2025,11,22,7,OO,6219,N135SY,DEN,COS,1845,1923,145
2025,11,22,7,NK,667,N621NK,BWI,DFW,1027,1251,64
2025,11,23,1,EV,5411,N195PQ,ATL,AGS,1515,1609,152
2025,11,23,1,OO,4441,N817SK,IAH,SLC,1410,1628,131
2025,11,23,1,B6,1418,N239JB,JFK,BOS,0915,1023,111
2025,11,25,3,WN,2271,N213WN,DEN,FLL,1755,2335,108
2025,11,25,3,WN,927,N713SW,PHX,RNO,1210,1300,67
2025,11,25,3,DL,2429,N376NW,SLC,SAN,1650,1738,56
2025,11,25,3,WN,2021,N257WN,AUS,PHX,1855,2030,63
2025,11,25,3,DL,1420,N675DL,FLL,ATL,1145,1338,186
2025,11,26,4,AA,2173,N824AW,BOS,DCA,0800,0944,74
2025,11,26,4,AS,444,N794AS,SEA,LAX,1955,2230,131
2025,11,27,5,AS,502,N618AS,SEA,SNA,0900,1138,68
2025,11,27,5,B6,759,N279JB,BOS,PHL,1203,1337,60
2025,11,27,5,AS,66,N706AS,JNU,SEA,2010,2328,54
2025,11,27,5,DL,659,N319US,SMF,SLC,1024,1303,155
2025,11,28,6,AA,1848,N539UW,FLL,PHL,0750,1028,69
2025,11,28,6,DL,2679,N975AT,BOS,LGA,1300,1420,145
2025,11,28,6,UA,1417,N36472,ORD,FLL,0730,1137,142
2025,11,29,7,DL,2254,N905DA,MSN,MSP,1515,1622,96
2025,11,29,7,AA,1872,N768US,MCO,DCA,1430,1630,187
2025,11,29,7,B6,834,N599JB,SFO,BOS,2119,0540,174
2025,11,29,7,UA,1552,N413UA,EWR,PBI,2129,0023,81
2025,11,30,1,AA,1768,N717UW,GSO,CLT,1759,1859,182
2025,11,30,1,AA,604,N162UW,ORD,PHX,1045,1338,199
2025,11,30,1,WN,2282,N399WN,SFO,LAX,1130,1255,164
2025,11,30,1,WN,1368,N630WN,MCO,STL,1415,1545,77
2025,12,1,2,WN,261,N613SW,ATL,BWI,1925,2120,187
2025,12,1,2,DL,795,N128DL,MCO,DTW,1418,1655,71
2025,12,2,3,AA,145,N3MXAA,AUS,LAX,0705,0828,102
2025,12,3,4,UA,542,N836UA,DEN,SLC,1857,2036,110
2025,12,3,4,DL,1093,N960DL,LEX,ATL,0715,0851,144
2025,12,3,4,HA,41,N386HA,SFO,OGG,0955,1335,160
2025,12,3,4,AA,2149,N769US,DCA,BOS,1430,1554,140
2025,12,3,4,WN,2870,N425LV,DAL,SAN,1205,1315,62
2025,12,4,5,EV,2800,N876AS,DFW,LRD,1230,1358,196
2025,12,4,5,WN,113,N366SW,MKE,DEN,1945,2125,75
2025,12,6,7,OO,2965,N468CA,SLC,LAX,0710,0820,181
2025,12,6,7,NK,912,N604NK,MCO,ORD,1754,1955,149
2025,12,6,7,AS,832,N564AS,LIH,SEA,1425,2210,109
2025,12,7,1,WN,2340,N714CB,SEA,OAK,1625,1825,110
2025,12,8,2,EV,5378,N708EV,LGA,MCI,1135,1411,81
2025,12,9,3,AA,2454,N3EDAA,BOS,MIA,0500,0832,73
2025,12,9,3,UA,466,N68805,ORD,SFO,1235,1530,52
2025,12,9,3,UA,1635,N77258,SFO,DEN,1653,2027,109
2025,12,9,3,DL,796,N535US,ATL,MSP,1205,1345,189
2025,12,10,4,AA,2314,N866AA,DCA,DFW,0810,1101,161
2025,12,10,4,AA,1302,N3HAAA,DFW,FLL,0710,1054,174
2025,12,11,5,WN,2216,N714CB,ATL,IND,2255,0025,63
2025,12,11,5,NK,425,N636NK,ORD,FLL,1830,2229,115
2025,12,11,5,AA,2185,N472AA,ORD,MSP,2034,2204,97
2025,12,11,5,AA,1544,N520AA,IAD,DFW,1822,2102,165
2025,12,11,5,OO,4789,N631SK,BZN,SEA,0554,0710,79
2025,12,12,6,AA,149,N3JKAA,ELP,DFW,1155,1435,68
2025,12,12,6,MQ,3248,N652MQ,CMH,MIA,1801,2048,63
2025,12,12,6,OO,3427,N174SY,OKC,SEA,1605,1825,129
2025,12,12,6,WN,3766,N751SW,LAX,DAL,0935,1430,191
2025,12,13,7,DL,1558,N3759,TPA,LAX,0643,0915,57
2025,12,13,7,UA,1587,N53441,MIA,IAH,0605,0753,126
2025,12,13,7,AA,1320,N3JUAA,JFK,PHX,0945,1336,113
2025,12,13,7,AA,1479,N3HGAA,CLT,DFW,0745,0950,170
2025,12,14,1,WN,1769,N927WN,LAS,SNA,1320,1420,82
2025,12,14,1,AS,730,N402AS,SEA,IAH,1030,1649,160
2025,12,14,1,WN,1584,N969WN,MDW,PHL,1145,1435,133
2025,12,15,2,DL,2773,N933AT,SFO,LAX,1700,1820,63
2025,12,15,2,WN,925,N654SW,PHX,MCI,1845,2210,143
2025,12,15,2,OO,4716,N460SW,MSP,LNK,1116,1243,189
2025,12,15,2,UA,833,N456UA,BOI,DEN,0715,0903,163
2025,12,15,2,AA,306,N485AA,DFW,IND,0710,1017,119
2025,12,15,2,UA,230,N486UA,BOS,EWR,1438,1614,107
2025,12,15,2,AA,209,N3GKAA,LAX,SFO,1600,1731,130
2025,12,16,3,EV,2730,N908EV,DFW,MEI,1225,1356,88
2025,12,16,3,WN,3112,N445WN,DAL,AUS,1140,1235,173
2025,12,16,3,WN,398,N639SW,BWI,STL,0645,0810,80
2025,12,16,3,DL,472,N624AG,JFK,LAX,0700,1040,126
2025,12,16,3,UA,1619,N18220,EWR,TPA,1130,1428,73
2025,12,16,3,DL,852,N938DL,ATL,IAH,1935,2056,131
2025,12,17,4,DL,2552,N321NB,BIL,MSP,1337,1638,165
2025,12,17,4,B6,1081,N203JB,BOS,RIC,0930,1121,166
2025,12,17,4,DL,2136,N366NB,ATL,ELP,1110,1245,118
2025,12,18,5,UA,1928,N76503,BOS,EWR,0750,0924,174
2025,12,18,5,AA,701,N180US,PHL,LAX,2025,2328,145
2025,12,19,6,OO,5598,N824AS,CWA,ORD,1156,1305,105
2025,12,20,7,AA,1314,N4XGAA,TUL,DFW,0810,0929,182
2025,12,20,7,DL,1134,N935DL,PBI,ATL,1105,1255,194
2025,12,21,1,DL,1550,N907DL,BDL,ATL,1345,1633,193
2025,12,22,2,VX,882,N642VA,LAX,DAL,1730,2230,171
2025,12,22,2,B6,706,N526JB,FLL,EWR,2130,0014,197
2025,12,22,2,EV,4886,N856AS,ATL,SHV,1356,1450,53
2025,12,22,2,WN,2576,N7744A,CMH,DEN,1800,1920,72
2025,12,23,3,WN,2328,N968WN,DEN,STL,2050,2345,130
2025,12,23,3,WN,46,N483WN,SEA,SAN,2205,0040,104
2025,12,23,3,DL,1962,N803DN,SEA,LAX,0720,1005,80
2025,12,24,4,MQ,3150,N8EGMQ,OKC,DFW,0500,0607,170
2025,12,24,4,WN,2807,N637SW,MCO,PIT,1520,1735,104
2025,12,24,4,WN,3613,N777QC,BUR,SMF,1610,1725,88
2025,12,25,5,WN,3073,N613SW,DEN,SAN,1555,1715,140
2025,12,25,5,UA,725,N433UA,ORD,PHX,0910,1209,108
2025,12,26,6,NK,992,N636NK,MSY,ORD,1750,2024,136
2025,12,26,6,AA,1883,N110UW,PHL,TPA,1810,2103,84
2025,12,26,6,WN,6492,N566WN,BNA,PHX,1525,1825,88
2025,12,26,6,WN,4218,N718SW,MCO,ATL,0920,1055,189
2025,12,26,6,AS,359,N570AS,SMF,SEA,1440,1630,187
2025,12,27,7,AA,1642,N3BEAA,MIA,DCA,1830,2102,169
2025,12,27,7,AA,1106,N3JDAA,BWI,DFW,1810,2050,114
2025,12,28,1,AA,1735,N195UW,LGA,CLT,0755,1008,64
2025,12,28,1,AS,734,N478AS,SEA,BNA,0935,1555,113
2025,12,28,1,OO,4454,N609SK,SLC,BOI,2155,2311,107
2025,12,28,1,DL,2469,N987AT,LGA,FLL,1135,1504,83
2025,12,28,1,NK,1013,N519NK,ATL,MCO,0600,0720,82
2025,12,28,1,F9,122,N223FR,DEN,DFW,2030,2323,78
2025,12,29,2,UA,1104,N37277,DEN,IAH,0825,1154,55
2025,12,29,2,WN,1153,N400WN,CMH,MDW,1800,1815,134
2025,12,29,2,OO,6405,N507CA,FAR,DEN,1334,1438,113
2025,12,30,3,DL,2775,N974AT,SFO,LAX,1800,1930,76
2025,12,30,3,WN,1540,N262WN,LAS,STL,1705,2210,142
2025,12,31,4,DL,2161,N927DA,ATL,PHL,1635,1839,78
2025,12,31,4,VX,161,N844VA,EWR,LAX,0905,1225,66
2025,12,31,4,AA,2051,N270AY,PHL,MIA,0955,1258,169
